{"episode_lengths": [583, 288, 337, 521, 450, 621, 1530, 641, 220, 584, 444, 142, 955, 703, 2071, 855, 113, 475, 443, 315, 182, 301, 169, 252, 404, 326, 461, 483, 387, 859, 681, 196, 1370, 958, 227, 270, 1008, 805, 348, 200, 313, 512, 757, 377, 1438, 598, 1130, 841, 269, 244, 774, 708, 317, 939, 570, 524, 708, 427, 201, 930, 226, 724, 151, 174, 256, 397, 211, 483, 848, 750, 263, 382, 683, 446, 306, 431, 459, 242, 113, 473, 332, 874, 399, 725, 181, 516, 446, 367, 784, 372, 749, 252, 742, 1398, 516, 626, 472, 1190, 403, 614, 371, 817, 422, 265, 796, 1100, 263, 305, 480, 1588, 551, 421, 127, 385, 91, 1234, 585, 350, 216, 294, 1710, 559, 120, 694, 1111, 762, 68, 692, 217, 554, 319, 45, 798, 1006, 151, 551, 179, 117, 147, 62, 499, 458, 798, 252, 972, 174, 388, 1184, 1121, 60, 65, 178, 515, 79, 555, 671, 871, 614, 163, 2108, 551, 533, 265, 63, 63, 458, 476, 44, 92, 297, 311, 137, 339, 50, 74, 143, 165, 83, 114, 76, 527, 91, 408, 2745, 672, 87, 529, 507, 296, 62, 3279, 1494, 452, 359, 413, 461, 165, 675, 6208, 2588, 1639, 300, 1469, 571, 1859, 1027, 2030, 1576, 104, 2751, 2512, 537, 1140, 937, 1248, 1739, 3573, 590, 2309, 1779, 2461, 1121, 2561, 1268, 1531, 3020, 1784, 293, 173, 5649, 1473, 871, 1130, 209, 796, 5802, 535, 13448, 2119, 2253, 2307, 2283, 2104], "timestamps": [1524848945.0029473, 1524848946.1422813, 1524848947.3125918, 1524848949.1310713, 1524848950.7092028, 1524848952.8995745, 1524848958.2806835, 1524848960.5208411, 1524848961.2963743, 1524848963.365229, 1524848964.9339721, 1524848965.4397745, 1524848968.832404, 1524848971.3332477, 1524848979.8129096, 1524848993.307831, 1524848995.0926623, 1524849002.3505228, 1524849009.2381735, 1524849014.1161156, 1524849016.951069, 1524849022.3087513, 1524849025.9055555, 1524849031.4844825, 1524849039.8802466, 1524849046.1331992, 1524849055.201813, 1524849064.4583137, 1524849071.9997368, 1524849088.77813, 1524849102.4315908, 1524849106.1947224, 1524849132.9817116, 1524849151.963973, 1524849156.4182317, 1524849161.8477364, 1524849181.9695413, 1524849198.2224135, 1524849205.1334555, 1524849209.121985, 1524849215.2575014, 1524849225.750255, 1524849241.7776184, 1524849249.4496167, 1524849278.517229, 1524849290.7103722, 1524849314.235294, 1524849331.89646, 1524849337.5681202, 1524849342.6780462, 1524849358.7299948, 1524849373.5998154, 1524849379.9658275, 1524849399.497365, 1524849411.417552, 1524849422.4882972, 1524849437.6778123, 1524849446.972627, 1524849451.231059, 1524849470.7737277, 1524849475.5410392, 1524849491.156285, 1524849494.3412895, 1524849498.1308377, 1524849503.4894266, 1524849512.225798, 1524849516.796248, 1524849527.0260956, 1524849545.0624273, 1524849560.7614095, 1524849566.4271214, 1524849574.6239295, 1524849589.6922019, 1524849599.4531975, 1524849606.2253473, 1524849615.5164635, 1524849625.5469806, 1524849630.8207505, 1524849633.2457566, 1524849643.7509847, 1524849651.192071, 1524849670.6935692, 1524849679.5174823, 1524849695.4703236, 1524849699.483318, 1524849710.78454, 1524849720.9415207, 1524849728.9322495, 1524849746.1774583, 1524849754.3953414, 1524849770.875117, 1524849776.2717562, 1524849793.1258152, 1524849824.3771348, 1524849835.9622452, 1524849850.3150086, 1524849860.8437827, 1524849887.6868684, 1524849896.8807232, 1524849911.007917, 1524849919.5123694, 1524849937.9751153, 1524849947.6411319, 1524849953.8593407, 1524849971.8845725, 1524849996.9895928, 1524850003.0473132, 1524850010.144627, 1524850021.2740343, 1524850057.5605779, 1524850069.9536648, 1524850079.557684, 1524850082.4161472, 1524850091.4252925, 1524850093.4254081, 1524850121.7354505, 1524850135.3010204, 1524850143.2154486, 1524850148.2150445, 1524850154.9311323, 1524850194.090409, 1524850206.8740458, 1524850209.593303, 1524850225.6109195, 1524850250.6524825, 1524850267.8871837, 1524850269.4443257, 1524850285.0668051, 1524850289.7690632, 1524850302.181878, 1524850309.2495646, 1524850310.2145176, 1524850328.100864, 1524850350.742221, 1524850354.1538224, 1524850366.3732464, 1524850370.5578327, 1524850373.198488, 1524850376.5829272, 1524850378.0964384, 1524850389.135069, 1524850399.1291828, 1524850416.9096549, 1524850422.5850453, 1524850444.1468089, 1524850448.2619512, 1524850457.1608932, 1524850483.525491, 1524850508.613474, 1524850509.9876409, 1524850511.3894122, 1524850515.3582633, 1524850526.6893253, 1524850528.4714754, 1524850541.027823, 1524850556.1267765, 1524850575.9281926, 1524850589.7884817, 1524850593.5655427, 1524850642.133504, 1524850655.048521, 1524850667.5368605, 1524850673.7647147, 1524850675.2664254, 1524850676.7878997, 1524850687.2824461, 1524850698.2460656, 1524850699.2970338, 1524850701.2710183, 1524850708.106049, 1524850715.3194897, 1524850718.4232032, 1524850726.1952853, 1524850727.4149177, 1524850729.1348155, 1524850732.4296923, 1524850736.157693, 1524850738.0941234, 1524850740.7429893, 1524850742.403014, 1524850754.3997817, 1524850756.5613565, 1524850765.974728, 1524850830.2553623, 1524850846.2177594, 1524850848.361849, 1524850860.8789515, 1524850873.0007775, 1524850879.970416, 1524850881.4523795, 1524850960.8814359, 1524850997.722207, 1524851008.9053993, 1524851017.8075202, 1524851028.4806077, 1524851040.3222892, 1524851044.5064588, 1524851061.7170362, 1524851220.841211, 1524851288.3917496, 1524851331.458729, 1524851339.4572613, 1524851378.98522, 1524851394.476595, 1524851444.4962432, 1524851472.5223298, 1524851526.4615643, 1524851568.1522512, 1524851570.841149, 1524851642.7527258, 1524851709.7128224, 1524851724.4863536, 1524851754.8748744, 1524851779.571646, 1524851812.275739, 1524851858.709917, 1524851955.0929582, 1524851971.2785985, 1524852034.0720184, 1524852083.0261567, 1524852151.9801083, 1524852182.9366949, 1524852253.9910085, 1524852289.1190836, 1524852331.7046623, 1524852415.2683947, 1524852464.367133, 1524852472.394207, 1524852477.1293445, 1524852634.125301, 1524852675.4494984, 1524852699.5546837, 1524852730.6762238, 1524852736.3686152, 1524852758.0963337, 1524852920.4211245, 1524852935.4095693, 1524853318.284911, 1524853380.3275135, 1524853446.0520186, 1524853513.2278686, 1524853578.2160752, 1524853638.3542304],