{"episode_lengths": [78, 49, 103, 290, 4, 6, 338, 16, 82, 46, 28, 37, 111, 18, 209, 62, 228, 70, 109, 41, 114, 148, 14, 22, 166, 13, 362, 58, 17, 34, 342, 225, 196, 274, 482, 401, 47, 53, 64, 2, 342, 72, 59, 327, 4, 124, 7, 119, 1, 32, 357, 42, 297, 300, 259, 2001, 234, 840, 291, 66, 703, 503, 208, 9, 874, 55, 1, 52, 383, 881, 112, 190, 58, 150, 27, 90, 140, 25, 1108, 912, 60, 601, 26, 1, 9, 22, 106, 28, 182, 9, 71, 22, 54, 1508, 1377, 416, 67, 6, 341, 78, 1, 400, 324, 94, 108, 544, 166, 104, 528, 55, 312, 767, 32, 31, 367, 315, 1, 990, 840, 1, 135, 797, 69, 192, 9, 100, 33, 273, 200, 79, 406, 499, 65, 15, 102, 689, 196, 297, 38, 457, 140, 540, 1364, 696, 1576, 67, 87, 882, 35, 1, 600, 3, 1506, 1660, 2250, 142, 443, 205, 183, 925, 131, 102, 50, 1, 207, 15, 156, 89, 55, 8, 480, 19, 577, 18, 466, 344, 1046, 620, 1641, 39, 1528, 239, 148, 869, 68, 1562, 8, 608, 448, 861, 695, 23, 239, 164, 29, 4, 555, 228, 2140, 521, 3202, 435, 73, 25562, 21101, 1055, 2259, 7061, 10660], "episode_types": ["t", "t", "t", "t", "t", "t", "t", "t", "t", "t", "t", "t", "t", "t", "t", "t", "t", "t", "t", "t", "t", "t", "t", "t", "t", "t", "t", "t", "t", "t", "t", "t", "t", "t", "t", "t", "t", "t", "t", "t", "t", "t", "t", "t", "t", "t", "t", "t", "t", "t", "t", "t", "t", "t", "t", "t", "t", "t", "t", "t", "t", "t", "t", "t", "t", "t", "t", "t", "t", "t", "t", "t", "t", "t", "t", "t", "t", "t", "t", "t", "t", "t", "t", "t", "t", "t", "t", "t", "t", "t", "t", "t", "t", "t", "t", "t", "t", "t", "t", "t", "t", "t", "t", "t", "t", "t", "t", "t", "t", "t", "t", "t", "t", "t", "t", "t", "t", "t", "t", "t", "t", "t", "t", "t", "t", "t", "t", "t", "t", "t", "t", "t", "t", "t", "t", "t", "t", "t", "t", "t", "t", "t", "t", "t", "t", "t", "t", "t", "t", "t", "t", "t", "t", "t", "t", "t", "t", "t", "t", "t", "t", "t", "t", "t", "t", "t", "t", "t", "t", "t", "t", "t", "t", "t", "t", "t", "t", "t", "t", "t", "t", "t", "t", "t", "t", "t", "t", "t", "t", "t", "t", "t", "t", "t", "t", "t", "t", "t", "t", "t", "t", "t", "t", "t", "t", "t", "t", "t", "t", "t"], "timestamps": [1526579031.8125854, 1526579032.0194757, 1526579032.3853219, 1526579033.4077702, 1526579033.4252064, 1526579033.449633, 1526579034.6732318, 1526579034.732437, 1526579035.0230503, 1526579035.186583, 1526579035.288595, 1526579035.4231553, 1526579035.818051, 1526579035.884356, 1526579036.6223671, 1526579036.8432817, 1526579037.6531024, 1526579037.9031613, 1526579038.2944317, 1526579038.440901, 1526579038.8546724, 1526579039.3885984, 1526579039.4432096, 1526579039.5226014, 1526579040.1061072, 1526579040.1549377, 1526579041.4420228, 1526579041.6477365, 1526579041.7104173, 1526579041.835087, 1526579043.071101, 1526579043.8794732, 1526579044.5717442, 1526579045.5561764, 1526579047.3362904, 1526579048.807225, 1526579048.9803364, 1526579049.1838233, 1526579049.4225678, 1526579049.4347663, 1526579050.6942997, 1526579050.9601188, 1526579051.17399, 1526579052.384964, 1526579052.4058971, 1526579052.8621438, 1526579052.8900924, 1526579053.3325264, 1526579053.3403711, 1526579053.4606833, 1526579054.7535706, 1526579054.90352, 1526579056.1381063, 1526579057.4383948, 1526579058.6013854, 1526579067.5650716, 1526579068.6352568, 1526579081.7477152, 1526579090.1166656, 1526579092.0534701, 1526579112.4911633, 1526579126.8473942, 1526579132.4470952, 1526579132.625837, 1526579157.3552217, 1526579158.9074876, 1526579159.018594, 1526579160.5869336, 1526579172.2115247, 1526579199.4588463, 1526579203.0843554, 1526579209.1124957, 1526579210.9517622, 1526579215.545832, 1526579216.3138309, 1526579218.961581, 1526579223.1305032, 1526579223.9500046, 1526579258.1193256, 1526579286.2792666, 1526579288.2552633, 1526579306.796322, 1526579307.6008327, 1526579307.726748, 1526579307.9562953, 1526579308.5437887, 1526579311.8536599, 1526579312.6862016, 1526579318.1429677, 1526579318.5104368, 1526579320.6959493, 1526579321.476303, 1526579323.126294, 1526579369.8380346, 1526579412.7503316, 1526579426.0611155, 1526579428.1277568, 1526579428.3828073, 1526579438.8527014, 1526579441.3420038, 1526579441.3499146, 1526579454.0328987, 1526579464.1694903, 1526579467.10448, 1526579470.4855785, 1526579487.6617057, 1526579492.8655264, 1526579495.9922237, 1526579512.5105612, 1526579514.1867492, 1526579523.781502, 1526579547.7313755, 1526579548.6835065, 1526579549.6465554, 1526579561.6255217, 1526579571.5279045, 1526579571.5349548, 1526579602.0273857, 1526579628.1634865, 1526579628.2850883, 1526579632.625673, 1526579657.8810709, 1526579660.044585, 1526579666.061932, 1526579666.3110633, 1526579669.6646738, 1526579670.7199376, 1526579679.2870412, 1526579685.783289, 1526579688.1547155, 1526579701.260109, 1526579717.0984242, 1526579719.236567, 1526579719.7797983, 1526579723.0836527, 1526579744.5835948, 1526579750.8010855, 1526579760.4330983, 1526579761.53912, 1526579776.460438, 1526579780.7689598, 1526579798.1377394, 1526579842.6988144, 1526579865.023152, 1526579916.4099956, 1526579918.6540966, 1526579921.6125832, 1526579951.291652, 1526579952.5788, 1526579952.587683, 1526579972.5900793, 1526579972.7230186, 1526580023.339568, 1526580079.7307868, 1526580157.1899354, 1526580162.7790687, 1526580178.8226657, 1526580186.1428583, 1526580192.213668, 1526580224.1886992, 1526580228.4071872, 1526580231.8872335, 1526580233.4802237, 1526580233.5906675, 1526580240.6553814, 1526580241.1662173, 1526580246.4420786, 1526580249.5317874, 1526580251.4022722, 1526580251.6497684, 1526580268.2024784, 1526580268.8429363, 1526580288.9885795, 1526580289.6361117, 1526580305.8351405, 1526580317.3680184, 1526580353.9219942, 1526580376.3759005, 1526580433.6287026, 1526580434.8890276, 1526580488.496098, 1526580496.661298, 1526580501.9415276, 1526580532.3778245, 1526580534.6668916, 1526580589.030272, 1526580589.2624207, 1526580610.7581582, 1526580626.0814497, 1526580657.268403, 1526580682.5352855, 1526580683.3813045, 1526580691.9446285, 1526580697.8669379, 1526580699.083685, 1526580699.249417, 1526580719.0891926, 1526580727.190467, 1526580803.0370402, 1526580821.791209, 1526580936.2094269, 1526580951.5609126, 1526580954.0757377, 1526581904.2104657, 1526582703.464064, 1526582742.8910837, 1526582829.3497686, 1526583099.6164198, 1526583506.1101139], "episode_rewards": [1.0, 1.0, 1.0, 1.0, 1.0, 1.0, 1.0, 1.0, 1.0, 1.0, 1.0, 1.0, 1.0, 1.0, 1.0, 1.0, 1.0, 1.0, 1.0, 1.0, 1.0, 1.0, 1.0, 1.0, 1.0, 1.0, 1.0, 1.0, 1.0, 1.0, 1.0, 1.0, 1.0, 1.0, 1.0, 1.0, 1.0, 1.0, 1.0, 1.0, 1.0, 1.0, 1.0, 1.0, 1.0, 1.0, 1.0, 1.0, 1.0, 1.0, 1.0, 1.0, 1.0, 1.0, 1.0, 1.0, 1.0, 1.0, 1.0, 1.0, 1.0, 1.0, 1.0, 1.0, 1.0, 1.0, 1.0, 1.0, 1.0, 1.0, 1.0, 1.0, 1.0, 1.0, 1.0, 1.0, 1.0, 1.0, 1.0, 1.0, 1.0, 1.0, 1.0, 1.0, 1.0, 1.0, 1.0, 1.0, 1.0, 1.0, 1.0, 1.0, 1.0, 1.0, 1.0, 1.0, 1.0, 1.0, 1.0, 1.0, 1.0, 1.0, 1.0, 1.0, 1.0, 1.0, 1.0, 1.0, 1.0, 1.0, 1.0, 1.0, 1.0, 1.0, 1.0, 1.0, 1.0, 1.0, 1.0, 1.0, 1.0, 1.0, 1.0, 1.0, 1.0, 1.0, 1.0, 1.0, 1.0, 1.0, 1.0, 1.0, 1.0, 1.0, 1.0, 1.0, 1.0, 1.0, 1.0, 1.0, 1.0, 1.0, 1.0, 1.0, 1.0, 1.0, 1.0, 1.0, 1.0, 1.0, 1.0, 1.0, 1.0, 1.0, 1.0, 1.0, 1.0, 1.0, 1.0, 1.0, 1.0, 1.0, 1.0, 1.0, 1.0, 1.0, 1.0, 1.0, 1.0, 1.0, 1.0, 1.0, 1.0, 1.0, 1.0, 1.0, 1.0, 1.0, 1.0, 1.0, 1.0, 1.0, 1.0, 1.0, 1.0, 1.0, 1.0, 1.0, 1.0, 1.0, 1.0, 1.0, 1.0, 1.0, 1.0, 1.0, 1.0, 1.0, 1.0, 1.0, 1.0, 1.0, 1.0, 1.0, 1.0, 1.0, 1.0, 1.0, 1.0], "initial_reset_timestamp": 1526579031.502692}